政治、民族安全,邪教,新闻,黄赌毒枪支弹药等违法词语,不正当竞争,人名,房产,其他
10八,大法,东方红时空,安眠酮,KC短信,陈宝生,114,常劲
香港总部,大法弟子,风水宝地,代血浆,KC嘉年华,程凯,CBD,本田
颠覆中国政权,dpp大法,舆论,普萘洛尔,短信,程铁军,板楼,鲍筒
烟草局,fa lun,舆论反制,呋塞米,短信:广告,程真,别墅,拨打
温总理,falu,风雨神州,西布曲明,短信广告,陈炳德,车库,伴游
文革,发抡,自杀手册,testosterone,短信平台,陈炳基,城堡,QQ宠物
文化部,发抡功,自杀指南,胰岛素样生长因子,短信群发,陈车,成本价,本公司2
文化大革命,洗脑,自已的故事,促红细胞生成素,小灵通,陈川平,酬宾,世纪中国基金会
文物局,下法轮,自由,地西泮,短信群发器,陈存根,大降价,610洗脑班
文学城,发轮,自由民主论坛,尼可刹米,小6灵通,戴秉国,地产,帮穷人
自由亚州,发伦,自由网,甲睾酮,短信商务广告,戴海静,度假区,2004年公共服务奖
自由运动,发伦功,自由写作奖,adrenaline,段录定,戴相龙,二期,2006年十句最真实的谎言
对日强硬,发仑,自制手枪,erythropoietin,无界浏览,陈德铭,发售,001工程
一部分人因年龄或健康原因将不得不退下去,发沦,自主择业,地奈德,无界浏览器,陈国令,房,分家在
一党专政,发纶,宗教压迫,莫达非尼,无界,董贵山,房产,大红赤龙七头十角
一党专制,发论,先天健康法,氯噻嗪,无网界,董万才,房地产,第一批下海经商的人富
一贯道,发论功,阻止中华人民共和国统,苯巴比妥,无网界浏览,懂文华,房峰辉,俄罗斯
一国两制,发论公,昨日重现,促性腺激素,无帮国,陈冀平,房间,周年庆
国际法院,发正念,咨询,泼尼松,KC提示,冯东海,房型,苗圩
新疆独,发囵,咨讯,麻黄草,KC网站,冯敏刚,房源,明斯克号
新疆独立,发愣,风雨神州论坛,雄烯二醇,电信,冯寿淼,房展,清纯
找政府评理,发瞟,东方时空,地塞米松,UP8新势力,冯素英,房折,穷 人
贾庆,罚抡,独立台湾会,tamoxifen,动5感地带,陈际瓦,风水宝地,穷人
林黄菊,罚伦,访问链接,strychnine,白皮书,陈建国,公馆,屈万祥
18大的人事,罚仑,飞扬论坛,androst,UP新势力,陈军,公寓,善恶有报
政变,罚沦,独立中文笔会,新型毒品,移3动,陈奎元,购房,汕尾
政府,罚纶,东南西北论谈,杜冷丁,移动,陈雷,豪宅,生态区
政局雾里看花,罚囵,真相,兴奋剂,移动公司,傅成玉,号码百事通,生肖
银行联合管理局,筏抡,真象,mdma,移动集团,傅申奇,喝一送一,盛雪
政权,筏轮,侦探设备,海洛因,移民,傅志寰,衡阳万通房产,盛雪辛灏年
正法,筏伦,争鸣论坛,海luo因,易达网络卡,傅怡彬,户型,师傅
镇压,筏仑,正帮通信公司,heroin,安魂网,贾安,花园,师父
政治,筏沦,正见,diamorphine,罢工,贾庆林,街铺,石戈
中功,筏纶,正邪大决战,diacetylmorphine,罢课,贾廷安,精装,食捻屎
伊拉克,筏论,正义党论坛,鸦片,铃声下载,贾育台,景观住宅,使馆
伊斯兰,筏囵,北京之春民主论坛,阿芙蓉,纽崔莱七折,贾治邦,均价,驶你老母
伊斯兰运动,伐抡,北美讲坛,咖啡因,手机复制,希拉克,开发,驶你母
中共,伐轮,倒陈运动的最大受益人,cocain,手机铃声,希特勒,开盘,试卷
一中一台,伐伦,反封锁技术,三唑仑,手机铃声下载,傅雯娟,看房,试题答案
政治反对派,伐仑,反腐败论坛,美沙酮,手机游戏,符贵,两限房,圣战
政治犯,伐沦,地下刊物,麻古,神7州行,符强,楼盘,权柄
政治风波,伐论,恶搞晚会,k粉,网关,符跃兰,娄义,全哲洙
政治局十八,伐囵,北美讲坛,凯他敏,神通加持法,陈良宇,买二送一,瘸腿帮
政治字眼（如两岸关系等）,乏抡,北美论坛,ketamine,全1球通,陈蒙,买房,群体灭绝
郑恩宠,乏轮,地铁十号线塌方,冰毒,如6意通,陈敏尔,买一送一,燃烧辅助工具
蒋介石,乏伦,逊克农场26队,苯丙胺,清仓,陈破空,卖车,热比娅
中南海,乏仑,春夏论坛,cannabis,灵动卡,陈润儿,卖房,热线
中南海波澜起伏,乏沦,邓颖超日记,大麻,超市,陈水扁,面积,忍
中南海斗争,乏纶,国研新闻邮件,爱他死,答案卫星接收机,陈文清,名宅,忍无可忍
中南海高层权利斗争,乏论,国色天香网,氯胺酮,打折机票,邓楠,票据,明心
中南海惊现东宫小朝廷,乏囵,春夏之交,benzodiazepines,高薪养廉,迪里夏提,平米,水去车仑
中南海秘闻,阀抡,春夏自由论坛,甲基安非他明,考后付款,陈希,抢购,斯诺
原子能机构,阀伦,亚洲周刊,安非他命,佳静安定片,颜射,求:购,四级答案
中共权斗,阀仑,亚洲自由之声,吗啡,号,阎明复,求购,四联航空
中共权利斗争,阀沦,博讯,morphine,航班,焉荣竹,全户型,透视镜
中南海权力斗争,阀纶,邓小平和他的儿子,摇头丸,航空,严家其,认购,透视眼镜
中宣部,阀论,政坛两黑马,迷药,航空母舰,严家祺,三期,万能钥匙
中央,阀囵,政坛明日之星,乖乖粉,航空售票,陈希同,商铺,万润南
治军方针定调,法 轮 功,中局,narcotic,航天,陈小同,商圈,网管
中央军委,法*功,中朝,麻醉药,号码百事通,陈新权,商业楼,网上赚钱
中央派系斗争,法.轮.功,中电信,精神药品,考前发放,陈宣良,生态区,网特
中央团系,法L功,中俄边界,爱女人,成本价,陈训秋,首付,网通
李三共志,法lun功,中俄边界新约,爱液,诚信通手机商城,陈一谘,售楼,网赚队伍
国家安全,法功,中俄密约,按摩棒,大2众卡,丁关根,特等奖,往事并不如烟
造反,法会,致胡书记的公开信,拔出来,辅导,丁元,特惠房,威而柔
李克强第五代领导人,法抡,指点江山论坛,爆草,高利贷,丁子霖,特价,威海
李克强接班人,法抡功,北美自由论坛,包二奶,联 通 贵宾 卡,陈元,特卖会,素人
国家机密,法轮,参加者回忆录,暴干,联4通,陈政高,投注,宿命论
国家主要部委,法轮大法,大纪元新闻网,暴奸,黑庄,陈至,旺铺,隧道
国军,法轮佛法,九-评,暴乳,黑马,李 洪 志,威海,檀鑫
国民党,法轮功,九.评,爆乳,黑手党,李安东,现房,名山县
胡紧掏,法伦,九、评,暴淫,黑车,李斌,小户,体健貌端
胡锦涛,法仑,九―评,,联通,李长才,小旺铺,天鹅之旅
胡锦滔,法沦,九成,被操,联通贵宾卡,李长春,写字楼,名师
胡锦淘,法纶,九成新,被插,联通商务通,李长江,洋房,慕歌
胡景涛,法论,九码,被干,联总,李成玉,样板房,木犀地
国民根本大法,法十轮十功,九评,逼奸,联总这声传单,李崇禧,样板间,穆罕默德
国庆,法西斯,新观察论坛,仓井空,联总之声传单,李从军,样板间,倪育贤
非典,法院,新华举报,插暴,高息贷款,李大师,一码,年福纯
东突厥斯坦伊斯兰运动,法正,新华内情,操逼,高干子弟,李登辉,一平,捻
海关总署,法谪,新华社,操黑,恭喜你的号码,李法泉,一期,潜在用户
国务院,法谪功,新华通论坛,操烂,恭喜您的号码,李刚,一切证件,抢粮记
国贼,法,大众真人真事,H你,高干子女,李海峰,一梯两户,龙虎豹
海洋局,法囵,大家论坛,H死,各个银行全称,李汉柏,一折起,瞒报
海外民运,法愣,新唐人,操死,各种发票,李鸿忠,优惠,毛片
国资委,珐.功,新唐人电视台,操我,高官,李洪峰,折上折,绿色环保手机
封杀,珐抡,新闻办,厕奴,高官互调,李洪宽,周年庆,绿色雨
东西南北论坛,珐轮,新闻封锁,插比,高官子女,李洪志,住宅,龙虎豹宋书元
分析,珐伦,新语丝,插b,辅导班,李宏志,装修,龙卷风
中共派系力量再达成妥协,珐仑,印尼伊斯兰祈祷团,插逼,复式,李宏治,准现房,领取
反革命,珐沦,北大三角,插进,喝一送一,李红痔,租房,长期
反攻,五不,地论坛,插你,卡号,李继耐,租售,城堡
反攻大陆,五不争鸣论坛,9.635,插我,复制,李纪恒,,担保
反共,五出三进,9评,插阴,监听王,李建国,,吹喇叭
反华,五套功法,中华人民实话实说,潮吹,传:单,于大海,,歌
反恐委员会,邝锦文,杂志,潮喷,传单,于浩成,,歌德
反社会,垡抡,E周刊,成人电影,旦科,于起龙,,歌功颂德
游龙商务联盟,垡轮,安装卫星电视,成人论坛,钓鱼岛,于幼军,,高丽棒子
游戏管理员,垡伦,代表大会,成人色情,钓鱼台,李金城,,蛤蟆
反政府,垡仑,论坛,成人网站,当官靠后台,李金章,,个人崇拜
反目,垡沦,南大论坛,成人文学,党校安插亲信,李景田,,看中国
优化官员,垡纶,南大自由论坛,成人小说,传九促三,李康,,凯旋
应召,垡论,强硬发言,艳情小说,客户端非法字符,李克,,口蹄疫
印章,垡囵,南华早报,成人游戏,刻章,李克强,,来京上访
反日,茳擅,你说我说论坛,吃精,大麻树脂,李兰菊,,蓝光
反人类,荭志,木子论坛,赤裸,大麻油,李老师,,蓝丝带
反腐败,闳志,两会报道,抽插,,李立国,,举行
反封锁,闵维方,两会新闻,扌由插,,李禄,,均价
颠覆中华人民共和国政,氵去,轻舟快讯,抽一插,,徐邦秦,,靖国神社
东北独立,氵去车仑工力,热站政论网,春药,,徐斌,,警察
帝国之梦,转法轮,时代论坛,大波,,徐才厚,,静坐
帝国主义,砝抡,时事参考,大力抽送,,徐粉林,,揭批书
弟大物勃,砝轮,时事论坛,大乳,,徐光春,,接班
北京市亿霖,砝伦,万维读者论坛,荡妇,,徐建国,,结欠
公司,砝仑,统独论坛,荡女,,徐敬业,,结帐
布局十八大,砝沦,特讯,盗撮,,徐匡迪,,戒严
藏独,砝纶,世界经济导报,多人轮,,徐乐江,,刀林荫
党政一把手,真、善、忍,世界通,发浪,,徐绍史,,登辉
党中央,真理教,超常科学,放尿,,徐守,,登天梯
党风日下,真善美,传说的胡曾联手是一种假象,肥逼,,徐水良,,翟渠
邓小平,真善忍,大纪元,粉穴,,徐天亮,,翟小衡
邓晓平,砝论,港澳办,封面女郎,,徐一天,,点金
党禁,砝囵,跨世纪的良心犯,风月大陆,,许达哲,,东突
党退,泓志,告全国股民同胞书,干死你,,许家屯,,东突厥斯坦
布什,屙民,华岳,干穴,,许其亮,,东土耳其斯坦
大纪元,珐纶,华岳时事论坛,肛交,,许云昭,,吨
测绘局,珐论,华夏文摘快递,肛门,,肖爱玲,,多维
大陆当局,珐囵,华语世界论坛,龟头,,肖钢,,二码
分裂,falun,和平请愿书,裹本,,肖捷,,二乙基酰胺
压迫,Falundafa,华人媒体,国产av,,肖强,,二注
分裂中国,fa轮,华通时事论坛,好嫩,,肖亚庆,,发~票
分裂中华人民共和国,Flg,华夏文摘,豪乳,,李录,,发财诗
第5代领导,弟子,广 闻,黑逼,,李买富,,发改委
第四代,地下教会,广电局,后庭,,李鹏,,分众
多党,炼功,广东五元集团,后穴,,李契克,,封从德
第五代领导,梦网洪志,广告,虎骑,,李荣融,,疯狂掠夺大陆股民
第五代领导人,轮大,广闻,花花公子,,李瑞环,,凤凰
第五代领导新星,抡功,红潮谎言录,换妻俱乐部,,李少民,,佛展千手法
第五代中共领导人,轮功,告全体网民书,黄片,,李盛霖,,戈扬
独裁,伦功,告中国人民解放军广大官兵书,几吧,,李世明,,鸽派
独裁政治,摩门教,港料,鸡吧,,李适时,,工力
独夫,三水法轮,大史记,鸡巴,,李淑娴,,工自联
独立,三唑仑,联总之声,鸡奸,,李铁映,,共h
动乱,天皇,集会,寂寞男,,李旺阳,,古怪歌
北京,天怒,集体上访,寂寞女,,李文斌,,管理员
18大,天葬,讲事实,妓女,,李熙,,哈批
1717wg.88448.com,车臣,要说法,激情,,李希,,114
北京当局,达赖,霍英东临终遗言,集体淫,,李向东,,1258
绑架,功法,大史纪,奸情,,李小朋,,1259
18da,讲法,高校群体事件,叫床,,李小鹏,,12590
暗杀,基督,传中共中央关于18大的人事安排意见,脚交,,李小雪,,12593
报警,基督教,,金鳞岂是池中物,,李学举,,1 0 1 5 9
北京政权,护法,,金麟岂是池中物,,李学勇,,10000
暴力,回教,,精液,,李延芝,,10010
暴乱,教徒,,就去日,,李毅中,,10086
暴政,功友,,巨,,李玉赋,,10159
爆炸,大师,,菊花洞,,李玉妹,,13423205670
安理会,达赖喇嘛,,菊门,,李源潮,,13725516608
安全部,虹志,,巨奶,,李月鸟,,13875448369
安全监管,鸿志,,巨乳,,李月月鸟,,15112886328
安全局,洪传,,菊穴,,余欣荣,,189
保监会,贯通两极法,,开苞,,余英时,,6-4tianwang
保密室,光祖,,口爆,,余远辉,,64
西藏,洪吟,,口活,,俞杰,,68170802
西藏独,洪哲胜,,口交,,俞正声,,6a6.net
西藏独立,洪志,,口射,,李兆焯,,7.31
西藏天葬,宏法,,口淫,,李志绥,,7.31
西山会议,观世音,,裤袜,,李总理,,89-64cdjp
打压,宏志,,狂操,,李总统,,8945212
爱滋,弘志,,狂插,,李幛,,23条
出卖,古兰经,,浪逼,,李岚清,,259o
18届,红志,,浪妇,,列宁,,381929279
18届常委,车库,,浪叫,,列确,,3P
18届名单,车仑,,浪女,,林保华,,4-Jun
18届委员,经文,,狼友,,林彪,,AV
18届中央,,,聊性,,林长盛,,BJ
18权力布局,,,流淫,,林军,,CBD
18预测,,,铃木麻,,廖锡龙,,CCTV
爱国运动正名,,,凌辱,,林明月,,CDMA
爱国者同盟,,,漏乳,,林慎立,,DICK
奥运,,,露b,,廖晖,,Dick
奥运会,,,乱交,,林树森,,FLG
18大的人事安排意见,,,乱伦,,林业局,,FOCUSC
18大人事变动,,,轮暴,,林幼芳,,FUCK
连战,,,轮操,,凌锋,,Fuck
两岸关系,,,轮奸,,林左鸣,,GAMEMASTER
两岸三地论坛,,,裸陪,,林樵清,,GCD
亡党,,,买春,,令狐安,,GameMaster
两个中国,,,美逼,,刘宾深,,IP17908
两会,,,美少妇,,刘宾雁,,KEY_TEXT
连准,,,美乳,,刘成军,,NMD
秘书长,,,美腿,,刘春良,,QQb
密码,,,美穴,,刘冬冬,,SM
南联盟,,,美幼,,刘刚,,Soccer01.com
内幕,,,秘唇,,刘国凯,,TMD
深圳国领,,,迷奸,,刘华清,,UltraSurf
深圳红岭,,,密穴,,刘慧,,bignews
年轻高知团系接班,,,蜜穴,,刘家义,,Bitch
收货,,,蜜液,,刘建华,,boxun
收容所,,,摸奶,,刘京,,Chinaliberal
示威,,,摸胸,,刘俊国,,chinamz
世华商务,,,母奸,,刘凯中,,Chinesenewsnet
事实独立,,,奈美,,刘明康,,cnd
廉政大论坛,,,奶子,,刘鹏,,Creaders
柳树中学,,,男奴,,刘奇葆,,dafa
六四,,,内射,,刘千石,,Dajiyuan
卖国,,,嫩逼,,刘青,,df'd
卖国唐捷,,,嫩女,,刘山青,,Dfdz
人弹,,,嫩穴,,刘石泉,,die
人民,,,捏弄,,刘士贤,,dpp
人民报,,,女优,,刘士贤司马晋,,Freechina
人民报讯,,,炮友,,刘伟,,freedom
天安门,,,h友,,刘伟平,,Freenet
天安门录影带,,,喷精,,刘文胜,,fuck
天安门母亲,,,屁眼,,刘文瑜,,fuck your mother
天安门事件,,,品香堂,,刘晓波,,hongzhi
天安门屠杀,,,前凸后翘,,刘晓江,,hrichina
天安门一代,,,强jian,,刘晓凯,,huanet
末世论,,,强暴,,刘晓竹,,hypermart.net
人民大会堂,,,强奸处女,,刘晓榕,,incest
绵恒,,,情趣用品,,刘学普,,jiangdongriji
绵恒异议人士,,,情色,,刘亚洲,,l2590803027
人民大众,,,拳交,,刘延东,,lihongzhi
人民大众时事参考,,,全裸,,刘永川,,ma
人民内情真相,,,群交,,刘永治,,making
人民日报,,,惹火身材,,刘玉浦,,minghui
人民真实,,,人妻,,刘玉亭,,minghuinews
人民真实报道,,,人兽,,刘源,,nacb
人民真实报告,,,日逼,,刘粤军,,na?ve
人民之声,,,日烂,,刘云山,,nmis
人民之声论坛,,,肉棒,,刘振来,,paper64
人权,,,肉逼,,刘振起,,peacehall
人事变动,,,肉唇,,刘振亚,,piao
人事布局出手既稳又重,,,肉洞,,刘志军,,playboy
人事接班,,,肉缝,,刘淇,,renminbao
人体炸弹,,,肉棍,,陈至立,,renmingbao
人员安排,,,肉茎,,陈子明,,rfa
人员变动,,,肉具,,陈总统,,safeweb
人渣,,,揉乳,,陈左宁,,sex
人质,,,肉穴,,邓昌友,,shit
六四民主运动,,,肉欲,,邓可人,,simple
天府广场集会,,,乳爆,,邓天生,,svdc
通信维权,,,乳房,,邓笑贫,,taip
铁道部,,,乳沟,,阿拉法特,,tibetalk
统独,,,乳交,,蔡崇国,,triangle
统计局,,,乳头,,蔡继华,,triangleboy
统战,,,三级片,,蔡挺,,txwq.net
美国参考,,,骚逼,,蔡武,,unixbox
美国佬,,,骚比,,蔡振华,,ustibet
美国之音,,,骚女,,艾斯海提・克里木拜,,voa
台*湾,,,骚水,,安立敏,,voachinese
台办,,,骚穴,,巴赫,,wangce
台独,,,色逼,,巴特尔,,wstaiji
台盟,,,色界,,巴音,,www
台湾,,,色猫,,朝鲁,,xinsheng
台湾独,,,色盟,,白志健,,yuming
台湾独立,,,色情网站,,白春礼,,yy通讯录
台湾共合国,,,色区,,范长龙,,zhengjian
台湾狗,,,色色,,范印华,,zhengjianwang
台湾建国运动组织,,,色诱,,万晓东,,zhenshanren
台湾联盟,,,色欲,,汪梦飞,,zhuanfalu
台湾青年独立联盟,,,色b,,汪洋,,zhuanfalun
台湾政论区,,,少年阿宾,,汪岷,,八九
台湾自由联盟,,,少修正,,王宝森,,八老
摊牌要权,,,射爽,,王炳章,,
贪官,,,射颜,,王策,,
贪污犯,,,食精,,王超华,,
唐人电视台,,,释欲,,王传平,,
讨伐,,,兽奸,,王丹,,
讨伐中宣部,,,兽交,,王东明,,
缅甸,,,手淫,,王辅臣,,
美利坚,,,兽欲,,王刚,,
权威主义国家的合法性理论,,,熟妇,,王冠中,,
全国两会,,,熟母,,王光亚,,
蒙独,,,熟女,,王国生,,
蒙古独,,,爽片,,王涵万,,
亲美,,,爽死我了,,周强,,
亲民党,,,双臀,,周生贤,,
亲日,,,死逼,,周天法,,
青天白日旗,,,丝袜,,周旋,,
蒙古独立,,,丝诱,,周英,,
六四事件,,,松岛枫,,周永康,,
六四学生运动,,,酥痒,,朱保成,,
领事馆,,,汤加丽,,朱成虎,,
令狐计划,,,套弄,,朱丹,,
同胞书,,,体奸,,朱德,,
令计划,,,体位,,朱嘉明,,
透支,,,舔脚,,朱金基,,
突厥斯坦,,,舔阴,,朱琳,,
涂运普,,,调教,,朱明国,,
屠杀,,,偷欢,,朱溶剂,,
团派,,,偷拍,,朱容基,,
团派政治明星,,,推油,,朱维群,,
推翻,,,脱内裤,,朱之鑫,,
推翻社会主义制度,,,文做,,朱总理,,
退党,,,我就色,,朱F基,,
外汇局,,,无码,,王和民,,
外交部,,,舞女,,王鸿举,,
外交论坛,,,无修正,,王洪章,,
外交与方略,,,吸精,,王沪,,
外蒙,,,夏川纯,,王沪宁,,
外围,,,相奸,,王华庆,,
晚年周恩来,,,小逼,,王华元,,
平反,,,校鸡,,王家瑞,,
迫害,,,小穴,,王建军,,
罗蒙马格赛基金会,,,小xue,,王建平,,
十大穷人,,,写真,,王金山,,
十六大,,,性感妖娆,,王进东,,
十八大,,,性感诱惑,,王军涛,,
十八大权力变更,,,性虎,,王俊莲,,
十八大人事,,,性饥渴,,王乐泉,,
十八大人事安排意见,,,性技巧,,王莉莉,,
十八大人事调整,,,性交,,王立英,,
十八大未来,,,性奴,,王力雄,,
十八大预测,,,性虐,,王明方,,
省市换班第五代冒起,,,性息,,王荣,,
省委大门集合,,,性欲,,王儒林,,
省政府大门集合,,,胸推,,王瑞林,,
十八大政治局,,,穴口,,王润生,,
萨达姆,,,学生妹,,王若望,,
萨拉托加,,,穴图,,王三运,,
三个代表,,,亚情,,王胜俊,,
如何推翻中共,,,颜射,,王寿祥,,
瑞士金融大学,,,阳具,,王太华,,
上访,,,杨思敏,,王通智,,
上海帮,,,要射了,,王万宾,,
上海孤儿院,,,夜勤病栋,,王为璐,,
上海垮台,,,一本道,,王维民,,
上海市劳动和社会保障局违规使用社保资金,,,一夜欢,,王伟,,
社保基金会,,,一夜情,,王伟光,,
社会主义,,,一ye情,,王希哲,,
融资,,,阴部,,王喜斌,,
审计署,,,淫虫,,王侠,,
生当作人杰之昨日重现,,,阴唇,,王宪魁,,
十八换血,,,淫荡,,王晓初,,
十八届,,,阴道,,王新宪,,
十八年,,,淫电影,,王秀丽,,
商务部,,,阴阜,,王旭东,,
商务领航,,,淫妇,,王学军,,
十八庆红,,,淫河,,王冶坪,,
数据中国,,,阴核,,王毅,,
刷卡,,,阴户,,王勇,,
刷卡消费,,,淫贱,,王玉普,,
双十节,,,淫叫,,王兆国,,
刘奇葆热门人选,,,淫教师,,王正福,,
四川独,,,阴茎,,王正伟,,
四川独立,,,阴精,,王志刚,,
出台,,,淫浪,,王忠民,,
膏药旗,,,淫媚,,王岐山,,
高层人事变动,,,淫糜,,方励之,,
加拿大皇家骑警,,,淫魔,,方舟子,,
胡权利瓜分,,,淫母,,曹长青,,
胡书记,,,淫女,,郭伯雄,,
胡温,,,淫虐,,郭庚茂,,
胡晓炼,,,淫妻,,章虹,,
胡耀邦,,,淫情,,章沁生,,
胡玉敏,,,淫色,,张宝顺,,
胡泽君,,,淫声浪语,,张博涵,,
胡振民,,,淫兽学园,,张伯笠,,
胡总书记,,,淫书,,张成寅,,
建国党,,,淫术炼金士,,张春贤,,
检查部,,,淫水,,张德江,,
韩长赋,,,淫娃,,张钢,,
韩东方,,,淫威,,张高丽,,
韩联潮,,,淫亵,,张耕,,
韩正,,,淫样,,张国清,,
韩正降职副市长,,,淫液,,张海阳,,
捍卫社会主义共和国,,,淫照,,张宏堡,,
监管局,,,阴b,,张惠新,,
建设部,,,应召,,张基,,
僵贼,,,幼交,,张纪南,,
僵贼民,,,幼男,,张健,,
姜春云,,,幼女,,张建平,,
姜大明,,,欲火,,张杰,,
姜洪禄,,,欲女,,张军,,
姜建清,,,玉女心经,,张开双腿,,
姜伟新,,,玉蒲团,,张连珍,,
姜异康,,,玉乳,,张林,,
将则民,,,欲仙欲死,,张平,,
江Core,,,玉穴,,张庆黎,,
江core.江ze民,,,援交,,张庆伟,,
江擅.江八,,,原味内衣,,张汝成,,
江八点.江独裁,,,援助交际,,张仕波,,
江蛤蟆.江核心,,,张筱雨,,张铁健,,
江流氓,,,招鸡,,张万年,,
江戏子,,,招妓,,张伟国,,
江责民,,,中年美妇,,张文岳,,
江则民,,,抓胸,,张先玲,,
江泽慧江泽林,,,自拍,,吴爱,,
江泽民.江贼,,,自慰,,吴百益,,
江贼民.江折民,,,作爱,,吴邦国,,
江猪.江猪媳,,,18禁,,吴定富,,
江主,,,99bb,,吴方城,,
酱猪媳,,,a4u,,吴官正,,
抗日,,,a4y,,吴宏达,,
抗议,,,adult,,吴弘达,,
教养院,,,amateur,,吴仁华,,
教育部,,,anal,,吴胜利,,
老人政治,,,a片,,吴双战,,
公证,,,fuck,,吴新雄,,
公证处,,,gay片,,吴学灿,,
共军,,,g点,,吴学璨,,
锦涛,,,g片,,吴仪,,
共青团背景,,,hardcore,,吴玉良,,
共铲党,,,h动画,,吴镇南,,
老江,,,h动漫,,吴毓萍,,
联合行动,,,incest,,武吉海,,
联大,,,porn,,吾尔开希,,
联合国,,,secom,,张晓刚,,
联合起诉最高人民法院,,,sexinsex,,张晓平,,
老毛,,,sm女王,,张小平,,
老毛子,,,xiao77,,张轩,,
积克馆,,,xing伴侣,,张研农,,
共产,,,tokyohot,,张阳,,
共产党,,,yin荡,,张裔炯,,
回民,,,,,张毅,,
回民暴,,,,,张又侠,,
回民,,,,,张玉台,,
暴动,,,,,张云川,,
换届隐忧,,,,,张昭富,,
共党,,,,,张志清,,
大史,,,,,张中伟,,
复转军人,,,,,张左己,,
公关,,,,,张岱梨,,
公馆,,,,,何德普,,
军长发威,,,,,何峰,,
军事委员会,,,,,何家栋,,
军委,,,,,何平,,
军委主席,,,,,何清涟,,
军转安置,,,,,何勇,,
军转干部,,,,,郭金龙,,
公开批评中央高层领导人,,,,,黄局,,
公开信胡,,,,,黄康生 ,,
公开信胡书记空中民主墙,,,,,晴宜 ,,
鸡毛信文汇,,,,,黄菊,,
恐怖份子,,,,,黄树贤,,
恐怖主义,,,,,黄献中,,
纪元,,,,,黄翔,,
公投,,,,,黄兴国,,
理想信念斗争,,,,,黄作兴,,
持不同政见,,,,,黄慈萍,,
腐败,,,,,黄殿中,,
从陈良宇倒台看中国政局走势,,,,,魏凤和,,
周恩来后悔,,,,,魏家福,,
周恩来自责,,,,,魏京生,,
周刊纪事,,,,,魏礼群,,
周恩来忏悔,,,,,魏新生,,
中央召开北戴河会议决定十八大高层人事,,,,,尉健行,,
中国在统一问题上的投降主义,,,,,袁纯清,,
中国真实内容,,,,,袁贵仁,,
子女任职名单,,,,,袁家军,,
咨讯紫阳,,,,,袁荣祥,,
中国政坛“清华帮”盛极而衰,,,,,卫留成,,
中国政坛新星中的四大天王,,,,,卫生部,,
中国政治新星,,,,,温家宝,,
中国泛蓝联盟,,,,,赵爱明,,
中国复兴论坛,,,,,赵海青,,
中国改革年代政治斗争,,,,,赵洪祝,,
西藏论坛,,,,,赵克石,,
中国高层权力斗争,,,,,赵乐际,,
中国高层人事变动解读,,,,,赵南,,
中国六四真相,,,,,赵品潞,,
中国论坛,,,,,赵铁锤,,
中国媒体十大事件,,,,,赵宪庚,,
中国民主党联合总部,,,,,赵晓微,,
中国社会的艾滋病,,,,,郑义,,
中国社会进步党,,,,,郑源,,
中国社会论坛,,,,,郑中,,
中国共产党,,,,,温加饱,,
中国孤儿院,,,,,温元凯,,
中国和平,,,,,温云松,,
中国联通,,,,,邢元敏,,
中国太子,,,,,邢铮,,
中国网通,,,,,黄华华,,
中共当局,,,,,黄祸,,
中共独裁,,,,,黄建国,,
中共反腐风暴大背景揭秘,,,,,黄晶,,
中共高层变动：王兆国将任常委或取代贾庆龄,,,,,郭罗基,,
中共领导人黑幕,,,,,郭平,,
香港明报,,,,,郭声琨,,
星亚网络影视公司,,,,,郭树清,,
中共十八布局,,,,,郭岩华,,
中共十八大的基层选举,,,,,郭炎炎,,
中共十八大前夕,,,,,郭永平,,
中共十八大前夕人事布局出手既稳又重,,,,,曹刚川,,
中共十八大热门人选,,,,,杨崇汇,,
中共十八热门人选,,,,,杨传升,,
中共十八人事,,,,,杨传堂,,
中共十八人事变动,,,,,杨刚,,
中共十八人选,,,,,杨怀安,,
中国威胁论,,,,,杨焕宁,,
中国问题论坛,,,,,杨建利,,
中国移动,,,,,杨建亭,,
中国移动通信,,,,,杨洁篪,,
中国银联,,,,,杨晶,,
18大委员名单,,,,,杨利民,,
大中国论坛,,,,,杨利伟,,
大中华论坛,,,,,杨士秋,,
18高官互调,,,,,杨松,,
4．25事件,,,,,杨巍,,
钟山风雨论坛,,,,,杨衍银,,
重新评定,,,,,杨元元,,
邮政局,,,,,杨月清,,
印尼伊斯兰祈祷团,,,,,杨周,,
中央政治局,,,,,姚月谦,,
中医药局,,,,,姚增科,,
40万名车车主名单,,,,,耶和华,,
信访局,,,,,叶冬松,,
信号,,,,,叶剑英,,
信息产业部,,,,,叶青纯,,
信用卡,,,,,曹建明,,
信用卡空卡,,,,,曹康泰,,
信用危机,,,,,曹清,,
星相,,,,,白恩培,,
版署,,,,,薄熙来,,
新生网,,,,,白景富,,
新势力,,,,,白军,,
英雄纪念碑,,,,,白立忱,,
九评共产党,,,,,白立朴,,
新党,,,,,白梦,,
中华人民正邪,,,,,鲍戈,,
中华时事,,,,,鲍彤,,
燕南评论,,,,,杜导斌,,
央视内部晚会,,,,,谢长廷,,
中华养生益智功,,,,,谢和平,,
中华真实报道,,,,,谢小庆,,
中华大地思考,,,,,谢旭人,,
宇明网,,,,,谢选骏,,
宇宙真理,,,,,谢中之,,
语音,,,,,辛灏年,,
中华大众,,,,,杜恒岩,,
中华讲清,,,,,杜鹃,,
阿拉,,,,,费良勇,,
安南,,,,,杜青林,,
东洲,,,,,杜学芳,,
北韩,,,,,杜宇新,,
鲜族,,,,,杜智富,,
俄国,,,,,贝领,,
民告官,,,,,本.拉登,,
民国,,,,,不来提不都热西提,,
民航局,,,,,柴玲,,
民进党,,,,,梁保华,,
民联,,,,,柳斌杰,,
民意,,,,,楼继伟,,
民意论坛,,,,,邱学强,,
民运,,,,,齐墨,,
民阵,,,,,仁吉旺姆,,
民政部,,,,,仁青加,,
民猪,,,,,卢越刚,,
民主,,,,,马大维,,
民主潮,,,,,莫伟强,,
民主墙,,,,,申维辰,,
民族矛盾,,,,,任亚平,,
民族问题,,,,,Y┯,,
诺贝尔和平奖,,,,,舒晓琴,,
,,,,,盛华仁,,
,,,,,努尔白克力,,
,,,,,彭枫,,
,,,,,彭清华,,
,,,,,欧泽高,,
,,,,,宋xx,,
,,,,,司马晋,,
,,,,,司马义・铁力瓦尔地,,
,,,,,水扁,,
,,,,,史莲喜,,
,,,,,石宗源,,
,,,,,石大华,,
,,,,,司马璐,,
,,,,,司徒华,,
,,,,,宋爱荣,,
,,,,,宋楚瑜,,
,,,,,宋平,,
,,,,,宋平一句话,,
,,,,,宋书元,,
,,,,,宋秀岩,,
,,,,,宋育英,,
,,,,,宋祖英,,
,,,,,苏家屯,,
,,,,,苏荣,,
,,,,,苏绍智,,
,,,,,田成平,,
,,,,,田力普,,
,,,,,田修思,,
,,,,,童世平,,
,,,,,童屹,,
,,,,,童增,,
,,,,,铁凝,,
,,,,,苏士亮,,
,,,,,苏树林,,
,,,,,苏晓康,,
,,,,,孙宝树,,
,,,,,孙春兰,,
,,,,,孙大发,,
,,,,,孙建国,,
,,,,,孙金龙,,
,,,,,孙思敬,,
,,,,,孙晓群,,
,,,,,孙政才,,
,,,,,孙忠同,,
,,,,,汤光中,,
,,,,,汤涛,,
,,,,,唐柏桥,,
,,,,,唐家璇,,
,,,,,唐捷,,
,,,,,陶驷驹,,
,,,,,潘国平,,
,,,,,钦本立,,
,,,,,普京,,
,,,,,尚福林,,
,,,,,尚勇,,
,,,,,邵家健,,
,,,,,穆斯林,,
,,,,,秦光荣,,
,,,,,乔石,,
,,,,,秦晋,,
,,,,,秦银河,,
,,,,,邵明立,,
,,,,,邵琪伟,,
,,,,,沈德咏,,
,,,,,沈浩波,,
,,,,,沈素P,,
,,,,,沈彤,,
,,,,,沈跃跃,,
,,,,,潘云鹤,,
,,,,,孟建柱,,
,,,,,孟令伟,,
,,,,,孟学农,,
,,,,,聂卫国,,
,,,,,祁建,,
,,,,,钱达,,
,,,,,钱国梁,,
,,,,,钱其琛,,
,,,,,钱运录,,
,,,,,马会,,
,,,,,马凯,,
,,,,,马克思,,
,,,,,罗保铭,,
,,,,,罗干,,
,,,,,毛一鲜,,
,,,,,毛泽东,,
,,,,,毛泽东123,,
,,,,,毛泽东2,,
,,,,,毛贼东,,
,,,,,梅克保,,
,,,,,罗礼诗,,
,,,,,罗清泉,,
,,,,,罗正富,,
,,,,,罗志军,,
,,,,,骆惠宁,,
,,,,,骆琳,,
,,,,,马良骏,,
,,,,,马强,,
,,,,,马三家,,
,,,,,马时敏,,
,,,,,马晓天,,
,,,,,马英九,,
,,,,,马志鹏,,
,,,,,马飚,,
,,,,,马b,,
,,,,,卢展工,,
,,,,,路甬祥,,
,,,,,鹿心社,,
,,,,,陆兵,,
,,,,,陆浩,,
,,,,,陆委会,,
,,,,,吕京花,,
,,,,,吕秀莲,,
,,,,,吕祖善,,
,,,,,梁光烈,,
,,,,,梁擎墩,,
,,,,,常万全,,
,,,,,克林顿,,
,,,,,雷春美,,
,,,,,东突厥斯坦伊斯兰,,
,,,,,迟浩田,,
,,,,,克劳塞维茨,,
,,,,,迟万春,,
,,,,,仇保兴,,
,,,,,康日新,,
,,,,,康涛杰,,
,,,,,黎安友,,
,,,,,黎阳平,,
,,,,,拉丹,,
,,,,,拉登,,
,,,,,拉姆斯菲尔德,,
,,,,,高瞻,,
,,,,,葛振峰,,
,,,,,金道铭,,
,,,,,金日成,,
,,,,,金书波,,
,,,,,金尧如,,
,,,,,金振吉,,
,,,,,华过锋,,
,,,,,胡春华,,
,,,,,胡绩伟,,
,,,,,胡江,,
,,,,,胡平,,
,,,,,华惠棋,,
,,,,,华建敏,,
,,,,,华莱士,,
,,,,,金正日,,
,,,,,金壮龙,,
,,,,,靖志远,,
,,,,,高自联,,
,,,,,高莺莺,,
,,,,,高强,,
,,,,,高文谦,,
,,,,,焦国标,,
,,,,,焦焕成,,
,,,,,蒋峰,,
,,,,,蒋洁敏,,
,,,,,蒋经国,,
,,,,,蒋文兰,,
,,,,,蒋彦永,,
,,,,,高武生,,
,,,,,付申奇,,
,,,,,连胜德,,
,,,,,贺邦靖,,
,,,,,关卓中,,
,,,,,贺国强,,
,,,,,干以胜,,
,,,,,简鸿章,,
,,,,,回良玉,,
,,,,,江罗,,
,,,,,冠希,,
,,,,,江绵恒,,
,,,,,江棋生,,
,,,,,江青,,
,,,,,恩格斯,,
